新手指南,圈子交流,选课中心,APPA下载,,,,
注册会计师选课中心,六神班,2021年CPA六神班,,,,,
,冲刺班,,,,,,
,BT小班,《战略》小班,《财管》小班,《经济法》小班,《税法》小班,《审计》小班,《会计》小班
,私教班,《战略》私教小班,《财管》私教小班,《经济法》私教小班,《税法》私教小班,《审计》私教小班,《会计》私教小班
,精选,,,,,,
,综合班,,,,,,
中级会计师选课中心,全程班,,,,,,
,精选,,,,,,
,保过班,中级会计实务保过班,经济法保过班,财务管理保过班,三科联报保过班,,
初级会计职称选课中心,课程,,,,,,
,精选,,,,,,
税务师选课中心,BT小班,税法一小班,税法二小班,涉税服务相关法律小班,财务与会计小班,涉税服务实务小班,
,五神班,,,,,,
,抢分班,,,,,,
,冲刺班,,,,,,
,精选,,,,,,
资产评估师选课中心,课程,,,,,,
,精选,,,,,,
ACCA选课中心,全程班,,,,,,
,精选,,,,,,
法考选课中心,全程班,,,,,,
,客观题,,,,,,
,主观题,,,,,,
,精选,,,,,,
法硕选课中心,全程班,,,,,,
,精选,,,,,,
CFA选课中心,CFAⅠ级,,,,,,
,CFAⅡ级,,,,,,
,CFAⅢ级,,,,,,
,精选,,,,,,
保荐代表人选课中心,全程班,,,,,,
,通关班,,,,,,
,无忧班,,,,,,
,保过班,,,,,,
,精选,,,,,,
会计职业线选课中心,小白营,,,,,,
,P2初级,,,,,,
,P3中级,,,,,,
审计职业线选课中心,小白营,,,,,,
,P2初级,,,,,,
,才鲸Career,,,,,,
春田读书会选课中心,,,,,,,
MPAcc选课中心,初试班,,,,,,
,复试班,,,,,,
考研公开课选课中心,考研英语,,,,,,
,考研数学,,,,,,
,考研政治,,,,,,
,百场讲座,,,,,,
MBA选课中心,初试班,,,,,,
,复试班,,,,,,
理财课程选课中心,小白营,,,,,,
,初级,,,,,,
,中级,,,,,,
BT学院教材,注册会计师考试教材,中级会计师考试教材,初级会计职称考试教材,税务师考试教材,法考教材,,
BT学院在线题库,注册会计师考试题库,中级会计师考试题库,初级会计职称考试题库,税务师考试题库,资产评估师考试题库,ACCA考试题库,
圈子论坛,注册会计师考试交流区,税务师考试交流区,会计职称考试交流区,会计实操交流社区,法考交流区,考研交流区,CFA考试交流区
,保荐代表人考试交流区,资产评估师考试交流区,,,,,
李彬,向艳,Jack,,,,,
